<project xmlns="http://maven.apache.org/POM/4.0.0" xmlns:xsi="http://www.w3.org/2001/XMLSchema-instance"
         xsi:schemaLocation="http://maven.apache.org/POM/4.0.0 http://maven.apache.org/maven-v4_0_0.xsd">
    <modelVersion>4.0.0</modelVersion>
    <groupId>com.cenqua.samples.money</groupId>
    <artifactId>money-test</artifactId>
    <version>1.0-SNAPSHOT</version>
    <name>Money Test</name>
    <dependencies>
        <dependency>
            <groupId>junit</groupId>
            <artifactId>junit</artifactId>
            <version>3.8.2</version>
            <scope>test</scope>
        </dependency>
        <dependency>
            <groupId>org.codehaus.groovy.maven.runtime</groupId>
            <artifactId>gmaven-runtime-1.6</artifactId>
            <version>1.0-rc-5</version>
        </dependency>        
    </dependencies>


    <build>
        <plugins>

            <plugin>
                <groupId>org.codehaus.groovy.maven</groupId>
                <artifactId>gmaven-plugin</artifactId>
                <version>1.0-rc-5</version>

                <dependencies>
                    <dependency>
                        <groupId>org.codehaus.groovy</groupId>
                        <artifactId>groovy-all</artifactId>
                        <version>1.6.7</version>
                    </dependency>
                </dependencies>
                <executions>
                    <execution>
                        <goals>
                            <goal>generateStubs</goal>
                            <goal>compile</goal>
                            <goal>generateTestStubs</goal>
                            <goal>testCompile</goal>
                        </goals>
                    </execution>
                </executions>
            </plugin>

        </plugins>
    </build>

    <profiles>
        <profile>
            <id>clover.report</id>
            <build>
                <plugins>
                    <plugin>
                        <groupId>com.atlassian.maven.plugins</groupId>
                        <artifactId>maven-clover2-plugin</artifactId>
                        <executions>
                            <execution>
                                <id>clover</id>
                                <phase>verify</phase>
                                <goals>
                                    <goal>instrument</goal>
                                    <goal>check</goal>
                                    <goal>clover</goal>
                                </goals>
                            </execution>
                        </executions>
                    </plugin>
                </plugins>
            </build>
             <reporting>
                 <plugins>
                     <plugin>
                         <groupId>com.atlassian.maven.plugins</groupId>
                         <artifactId>maven-clover2-plugin</artifactId>
                     </plugin>
                 </plugins>
             </reporting>
        </profile>
        <profile>
            <id>clover.optimize</id>
            <build>
                <plugins>
                    <plugin>
                        <groupId>com.atlassian.maven.plugins</groupId>
                        <artifactId>maven-clover2-plugin</artifactId>
                        <executions>
                            <execution>
                                <id>clover</id>
                                <goals>
                                    <goal>setup</goal>
                                    <goal>optimize</goal>
                                    <goal>snapshot</goal>
                                </goals>
                            </execution>
                        </executions>
                    </plugin>
                </plugins>
            </build>
        </profile>
    </profiles>
</project>