<project xmlns="http://maven.apache.org/POM/3.0.0" xmlns:xsi="http://www.w3.org/2001/XMLSchema-instance"    xsi:schemaLocation="http://maven.apache.org/POM/3.0.0 http://maven.apache.org/maven-v3_0_0.xsd">  <pomVersion>3</pomVersion>  <groupId>tutorial</groupId>  <artifactId>com.cenqua.samples.money</artifactId>  <name>Sample</name>  <currentVersion>1.0-SNAPSHOT</currentVersion>  <inceptionYear>2005</inceptionYear>  <dependencies>    <dependency>      <groupId>junit</groupId>      <artifactId>junit</artifactId>      <version>3.8.2</version>    </dependency>  </dependencies>  <build>    <sourceDirectory>src/main/java</sourceDirectory>    <unitTestSourceDirectory>src/test/java</unitTestSourceDirectory>    <resources>      <resource>        <directory>src/main/resources</directory>      </resource>    </resources>    <unitTest>      <includes>        <include>**/*Test.java</include>      </includes>    </unitTest>  </build></project>